train_no,name,type,src_code,src_name,dst_code,dst_name,distance_km,dep,arr
8881,BPQ CAF MEMU SPL,PASS-TRAINS,BPQ,BALHARSHAH,CAF,CHANDA FORT,11,23:30,23:59
8882,CAF BPQ MEMU SPL,PASS-TRAINS,CAF,CHANDA FORT,BPQ,BALHARSHAH,11,04:45,05:00
9705,BDTS NONSTOP SF,SF-TRAINS,JP,JAIPUR,BDTS,BANDRA TERMINUS,1152,18:40,11:20
12275,PRYJ NDLS HUMSAFAR,PRM-TRAINS,PRYJ,PRAYAGRAJ JN,NDLS,NEW DELHI,636,22:30,06:15
12276,NDLS ALD HUMSAFAR,PRM-TRAINS,NDLS,NEW DELHI,PRYJ,PRAYAGRAJ JN,633,22:30,06:20
14001,DLI ATTARI EXP,EXP-TRAINS,DLI,DELHI,ATT,ATARI,472,23:50,07:30
14002,ATTARI DLI EXP,EXP-TRAINS,ATT,ATARI,DLI,DELHI,472,20:00,03:35
14607,SAMJHAUTA EXP,EXP-TRAINS,ASR,AMRITSAR JN,ATT,ATARI,25,09:30,10:10
14608,SAMJHAUTA EXP,EXP-TRAINS,ATT,ATARI,ASR,AMRITSAR JN,25,14:20,15:00
14889,JU MBF LINK EXP,EXP-TRAINS,BGKT,BHAGAT KI KOTHI,MBF,MUNABAO,325,01:00,07:00
14890,MBF BGKT EXP,EXP-TRAINS,MBF,MUNABAO,BGKT,BHAGAT KI KOTHI,325,19:00,23:50
51101,JM KMN PASS,PASS-TRAINS,JM,JALAMB JN,KMN,KHAMGAON,12,04:00,04:20
51102,KMN JM PASS,PASS-TRAINS,KMN,KHAMGAON,JM,JALAMB JN,12,04:40,05:00
51103,JM KMN PASS,PASS-TRAINS,JM,JALAMB JN,KMN,KHAMGAON,12,09:00,09:20
51104,KMN JM PASS,PASS-TRAINS,KMN,KHAMGAON,JM,JALAMB JN,12,10:30,10:50
51105,JM KMN PASS,PASS-TRAINS,JM,JALAMB JN,KMN,KHAMGAON,12,14:30,14:50
51106,KMN JM PASS,PASS-TRAINS,KMN,KHAMGAON,JM,JALAMB JN,12,15:20,15:40
51107,JM KMN PASS,PASS-TRAINS,JM,JALAMB JN,KMN,KHAMGAON,12,17:30,17:50
51108,KMN JM PASS,PASS-TRAINS,KMN,KHAMGAON,JM,JALAMB JN,12,20:40,21:00
51135,BD AMI PASS,PASS-TRAINS,BD,BADNERA JN,AMI,AMRAVATI,9,01:30,01:45
51136,AMI BD PASS,PASS-TRAINS,AMI,AMRAVATI,BD,BADNERA JN,9,02:15,02:30
51137,BD AMI PASS,PASS-TRAINS,BD,BADNERA JN,AMI,AMRAVATI,9,03:20,03:35
51138,AMI BD PASS,PASS-TRAINS,AMI,AMRAVATI,BD,BADNERA JN,9,03:55,04:10
51139,BD AMI PASS,PASS-TRAINS,BD,BADNERA JN,AMI,AMRAVATI,9,06:25,06:40
51140,AMI BD PASS,PASS-TRAINS,AMI,AMRAVATI,BD,BADNERA JN,9,07:15,07:30
51141,BD AMI PASS,PASS-TRAINS,BD,BADNERA JN,AMI,AMRAVATI,9,11:00,11:15
51142,AMI BD PASS,PASS-TRAINS,AMI,AMRAVATI,BD,BADNERA JN,9,12:30,12:45
51145,BD AMI PASS,PASS-TRAINS,BD,BADNERA JN,AMI,AMRAVATI,9,18:00,18:15
51146,AMI BD PASS,PASS-TRAINS,AMI,AMRAVATI,BD,BADNERA JN,9,18:50,19:05
51147,BD AMI PASS,PASS-TRAINS,BD,BADNERA JN,AMI,AMRAVATI,9,19:50,20:05
51148,AMI BD PASS,PASS-TRAINS,AMI,AMRAVATI,BD,BADNERA JN,9,20:25,20:40
51149,BD AMI PASS,PASS-TRAINS,BD,BADNERA JN,AMI,AMRAVATI,9,22:55,23:10
51150,AMI BD PASS,PASS-TRAINS,AMI,AMRAVATI,BD,BADNERA JN,9,23:40,23:55
51861,AIT KNH PASSENGER,PASS-TRAINS,AIT,AIT,KNH,KONCH,14,06:55,07:45
51862,KNH AIT PASSENGER,PASS-TRAINS,KNH,KONCH,AIT,AIT,14,04:25,05:00
51865,AIT KNH PASSENGER,PASS-TRAINS,AIT,AIT,KNH,KONCH,14,17:40,18:30
51866,KNH AIT PASSENGER,PASS-TRAINS,KNH,KONCH,AIT,AIT,14,15:00,15:35
51869,AIT KNH PASS,PASS-TRAINS,AIT,AIT,KNH,KONCH,13,22:10,22:45
51870,KNH AIT PASS,PASS-TRAINS,KNH,KONCH,AIT,AIT,13,04:00,04:35
52145,AMAN MAE SHUTTLE,PASS-TRAINS,ANLG,AMAN LODGE,MAE,MATHERAN,2,09:20,09:35
52146,MAE AMAN SHUTTLE,PASS-TRAINS,MAE,MATHERAN,ANLG,AMAN LODGE,2,09:00,09:15
52147,AMAN MAE SHUTTLE,PASS-TRAINS,ANLG,AMAN LODGE,MAE,MATHERAN,2,08:40,08:58
52148,MAE AMAN SHUTTLE,PASS-TRAINS,MAE,MATHERAN,ANLG,AMAN LODGE,2,08:15,08:33
52149,AMAN MAE SHUTTLE,PASS-TRAINS,ANLG,AMAN LODGE,MAE,MATHERAN,2,09:55,10:13
52150,MAE AMAN SHUTTLE,PASS-TRAINS,MAE,MATHERAN,ANLG,AMAN LODGE,2,09:30,09:48
52151,AMAN MAE SHUTTLE,PASS-TRAINS,ANLG,AMAN LODGE,MAE,MATHERAN,2,10:45,11:03
52152,MAE AMAN SHUTTLE,PASS-TRAINS,MAE,MATHERAN,ANLG,AMAN LODGE,2,10:20,10:38
52153,AMAN MAE SHUTTLE,PASS-TRAINS,ANLG,AMAN LODGE,MAE,MATHERAN,2,08:45,09:03
52154,MAE AMAN SHUTTLE,PASS-TRAINS,MAE,MATHERAN,ANLG,AMAN LODGE,2,08:20,08:38
52155,AMAN MAE SHUTTLE,PASS-TRAINS,ANLG,AMAN LODGE,MAE,MATHERAN,2,10:45,11:03
52156,MAE AMAN SHUTTLE,PASS-TRAINS,MAE,MATHERAN,ANLG,AMAN LODGE,2,10:20,10:38
52157,AMAN MAE SHUTTLE,PASS-TRAINS,ANLG,AMAN LODGE,MAE,MATHERAN,2,12:00,12:18
52158,MAE AMAN SHUTTLE,PASS-TRAINS,MAE,MATHERAN,ANLG,AMAN LODGE,2,11:35,11:53
52159,AMAN MAE SHUTTLE,PASS-TRAINS,ANLG,AMAN LODGE,MAE,MATHERAN,2,14:05,14:23
52160,MAE AMAN SHUTTLE,PASS-TRAINS,MAE,MATHERAN,ANLG,AMAN LODGE,2,13:40,13:58
52161,AMAN MAE SHUTTLE,PASS-TRAINS,ANLG,AMAN LODGE,MAE,MATHERAN,2,15:40,15:58
52162,MAE AMAN SHUTTLE,PASS-TRAINS,MAE,MATHERAN,ANLG,AMAN LODGE,2,15:15,15:33
52163,AMAN MAE SHUTTLE,PASS-TRAINS,ANLG,AMAN LODGE,MAE,MATHERAN,2,17:45,18:03
52164,MAE AMAN SHUTTLE,PASS-TRAINS,MAE,MATHERAN,ANLG,AMAN LODGE,2,17:20,17:38
52165,AMAN MAE SHUTTLE,PASS-TRAINS,ANLG,AMAN LODGE,MAE,MATHERAN,2,17:35,17:53
52166,MAE AMAN SHUTTLE,PASS-TRAINS,MAE,MATHERAN,ANLG,AMAN LODGE,2,17:10,17:28
52570,RED PANDA,PASS-TRAINS,DJ,DARJEELING,KGN,KURSEONG,31,09:15,12:30
52571,RED PANDA,PASS-TRAINS,KGN,KURSEONG,DJ,DARJEELING,31,14:00,17:45
53375,BRKA SDWR PASSENGER,PASS-TRAINS,BRKA,BARKA KANA,SDWR,SIDHWAR,6,10:45,11:05
53376,SDWR BRKA PASSENGER,PASS-TRAINS,SDWR,SIDHWAR,BRKA,BARKA KANA,6,12:00,12:20
54191,HRF HRS PASS,PASS-TRAINS,HRF,HATHRAS KILA,HRS,HATHRAS JN,9,09:45,10:10
54192,HRF HRS PASS,PASS-TRAINS,HRF,HATHRAS KILA,HRS,HATHRAS JN,9,16:05,16:30
54193,HRS HRF PASS,PASS-TRAINS,HRS,HATHRAS JN,HRF,HATHRAS KILA,9,08:50,09:15
54194,HRS HRF PASS,PASS-TRAINS,HRS,HATHRAS JN,HRF,HATHRAS KILA,9,15:10,15:35
55175,DDA MGZ PASS,PASS-TRAINS,DDA,DURAUNDHA JN,MGZ,MAHARAJGANJ,6,13:15,13:40
55176,MGZ DDA PASS,PASS-TRAINS,MGZ,MAHARAJGANJ,DDA,DURAUNDHA JN,6,14:10,14:35
55177,DDA MGZ PASS,PASS-TRAINS,DDA,DURAUNDHA JN,MGZ,MAHARAJGANJ,6,15:05,15:30
55178,MGZ DDA PASS,PASS-TRAINS,MGZ,MAHARAJGANJ,DDA,DURAUNDHA JN,6,16:00,16:25
55179,DDA MGZ PASS,PASS-TRAINS,DDA,DURAUNDHA JN,MGZ,MAHARAJGANJ,6,18:40,19:05
55180,MGZ DDA PASS,PASS-TRAINS,MGZ,MAHARAJGANJ,DDA,DURAUNDHA JN,6,19:30,19:55
56709,NCJ CAPE PASSENGER,PASS-TRAINS,NCJ,NAGERCOIL JN,CAPE,KANYAKUMARI,16,10:35,10:55
59827,ETAWAH PASS,PASS-TRAINS,BIX,BHIND,ETW,ETAWAH,37,15:00,16:05
59828,BHIND PASS,PASS-TRAINS,ETW,ETAWAH,BIX,BHIND,37,17:30,18:30
61111,BD AMI MEMU,PASS-TRAINS,BD,BADNERA JN,AMI,AMRAVATI,9,23:10,23:28
61112,AMI BD MEMU,PASS-TRAINS,AMI,AMRAVATI,BD,BADNERA JN,9,23:10,23:26
61113,BD AMI MEMU,PASS-TRAINS,BD,BADNERA JN,AMI,AMRAVATI,9,01:30,01:50
61114,AMI BD MEMU,PASS-TRAINS,AMI,AMRAVATI,BD,BADNERA JN,9,05:05,05:21
61115,BD AMI MEMU,PASS-TRAINS,BD,BADNERA JN,AMI,AMRAVATI,9,14:10,14:30
61116,AMI BD MEMU,PASS-TRAINS,AMI,AMRAVATI,BD,BADNERA JN,9,13:10,13:25
63167,JSME BDME MEMU,PASS-TRAINS,JSME,JASIDIH JN,BDME,BAIDYANATHDHAM,6,22:50,23:10
63168,BDME JSME MEMU,PASS-TRAINS,BDME,BAIDYANATHDHAM,JSME,JASIDIH JN,6,23:30,23:50
63169,JSME BDME MEMU,PASS-TRAINS,JSME,JASIDIH JN,BDME,BAIDYANATHDHAM,6,03:20,03:40
64585,HRF HRS MEMU,PASS-TRAINS,HRF,HATHRAS KILA,HRS,HATHRAS JN,5,22:10,22:35
64586,HRS HRF MEMU,PASS-TRAINS,HRS,HATHRAS JN,HRF,HATHRAS KILA,5,05:00,05:25
66049,AJJ TRT MEMU,PASS-TRAINS,AJJ,ARAKKONAM,TRT,TIRUTTANI,13,06:25,06:50
68643,KGP HIJ MEMU,PASS-TRAINS,KGP,KHARAGPUR JN,HIJ,HIJILLI,6,06:05,06:20
68644,HIJ KGP EMU,PASS-TRAINS,HIJ,HIJILLI,KGP,KHARAGPUR JN,6,06:30,06:45
68645,KGP HIJ EMU,PASS-TRAINS,KGP,KHARAGPUR JN,HIJ,HIJILLI,6,17:05,17:17
68646,HIJ KGP EMU,PASS-TRAINS,HIJ,HIJILLI,KGP,KHARAGPUR JN,6,17:35,17:50
71102,KMN JM RAIL BUS,PASS-TRAINS,KMN,KHAMGAON,JM,JALAMB JN,12,04:50,05:10
71105,JM KMN RAIL BUS,PASS-TRAINS,JM,JALAMB JN,KMN,KHAMGAON,12,09:00,09:20
71108,KMN JM RAIL BUS,PASS-TRAINS,KMN,KHAMGAON,JM,JALAMB JN,12,10:50,11:10
71109,JM KMN RAIL BUS,PASS-TRAINS,JM,JALAMB JN,KMN,KHAMGAON,12,12:30,12:50
71112,KMN JM RAIL BUS,PASS-TRAINS,KMN,KHAMGAON,JM,JALAMB JN,12,15:20,15:40
71113,JM KMN RAIL BUS,PASS-TRAINS,JM,JALAMB JN,KMN,KHAMGAON,12,16:50,17:10
71116,KMN JM RAIL BUS,PASS-TRAINS,KMN,KHAMGAON,JM,JALAMB JN,12,20:40,21:00
71117,JM KMN RAIL BUS,PASS-TRAINS,JM,JALAMB JN,KMN,KHAMGAON,12,22:05,22:25
73901,JMP DNRE DMU,PASS-TRAINS,JMP,JAMALPUR JN,DNRE,DHANAURI,39,03:40,04:50
73902,DNRE JMP DMU,PASS-TRAINS,DNRE,DHANAURI,JMP,JAMALPUR JN,39,05:10,06:30
73903,JMP DNRE DMU,PASS-TRAINS,JMP,JAMALPUR JN,DNRE,DHANAURI,39,16:20,17:25
73904,DNRE JMP DMU,PASS-TRAINS,DNRE,DHANAURI,JMP,JAMALPUR JN,39,18:10,19:25
73905,JMP DNRE DMU,PASS-TRAINS,JMP,JAMALPUR JN,DNRE,DHANAURI,39,12:15,13:10
73912,JMP SGG DMU,PASS-TRAINS,JMP,JAMALPUR JN,SGG,SULTANGANJ,28,03:44,04:58
73913,SGG JMP DMU,PASS-TRAINS,SGG,SULTANGANJ,JMP,JAMALPUR JN,28,18:05,19:25
73916,JMP SGG DMU,PASS-TRAINS,JMP,JAMALPUR JN,SGG,SULTANGANJ,28,12:33,13:45
74801,MEC MTD DEMU,PASS-TRAINS,MEC,MERTA CITY,MTD,MERTA ROAD JN,15,07:05,08:10
74802,MTD MEC DEMU,PASS-TRAINS,MTD,MERTA ROAD JN,MEC,MERTA CITY,15,05:50,06:55
74805,MEC MTD RAIL BUS,PASS-TRAINS,MEC,MERTA CITY,MTD,MERTA ROAD JN,15,08:45,09:30
74806,MTD MEC RAIL BUS,PASS-TRAINS,MTD,MERTA ROAD JN,MEC,MERTA CITY,15,07:30,08:35
74807,MEC MTD RAIL BUS,PASS-TRAINS,MEC,MERTA CITY,MTD,MERTA ROAD JN,15,11:15,12:20
74808,MTD MEC RAIL BUS,PASS-TRAINS,MTD,MERTA ROAD JN,MEC,MERTA CITY,15,10:00,11:05
74809,MEC MTD RAIL BUS,PASS-TRAINS,MEC,MERTA CITY,MTD,MERTA ROAD JN,15,13:45,14:50
74810,MTD MEC RAIL BUS,PASS-TRAINS,MTD,MERTA ROAD JN,MEC,MERTA CITY,15,12:30,13:35
74811,MEC MTD DEMU,PASS-TRAINS,MEC,MERTA CITY,MTD,MERTA ROAD JN,15,19:35,20:40
74812,MTD MEC DEMU,PASS-TRAINS,MTD,MERTA ROAD JN,MEC,MERTA CITY,15,18:20,19:25
74814,MTD MEC RAIL BUS,PASS-TRAINS,MTD,MERTA ROAD JN,MEC,MERTA CITY,15,20:00,21:35
74815,MEC MTD RAIL BUS,PASS-TRAINS,MEC,MERTA CITY,MTD,MERTA ROAD JN,15,00:45,01:50
74816,MTD MEC RAIL BUS,PASS-TRAINS,MTD,MERTA ROAD JN,MEC,MERTA CITY,15,20:00,21:05
74817,MEC MTD RAIL BUS,PASS-TRAINS,MEC,MERTA CITY,MTD,MERTA ROAD JN,15,23:45,00:50
74818,MTD MEC RAIL BUS,PASS-TRAINS,MTD,MERTA ROAD JN,MEC,MERTA CITY,15,22:30,23:05
74819,MEC MTD RAIL BUS,PASS-TRAINS,MEC,MERTA CITY,MTD,MERTA ROAD JN,15,22:45,23:20
74820,MTD MEC RAIL BUS,PASS-TRAINS,MTD,MERTA ROAD JN,MEC,MERTA CITY,14,22:00,22:35
76807,NGT VLNK DEMU,PASS-TRAINS,NGT,NAGAPPATTINAM,VLNK,VELANKANNI,10,11:30,11:50
76808,VLNK NGT DEMU,PASS-TRAINS,VLNK,VELANKANNI,NGT,NAGAPPATTINAM,10,10:55,11:15
76837,NGT VLNK DEMU,PASS-TRAINS,NGT,NAGAPPATTINAM,VLNK,VELANKANNI,10,04:15,04:35
76838,NGT VLNK DEMU,PASS-TRAINS,VLNK,VELANKANNI,NGT,NAGAPPATTINAM,10,21:20,21:40
